id;temperature;altitude;pressure;uv_index;
989,27.088001,753.698,922.96796,0.0,2024-08-05 02:36:15,2024-08-05 02:36:15
990,28.924,617.03796,938.27997,0.0,2024-08-05 10:39:05,2024-08-05 10:39:05
991,28.936,616.4,938.3519,0.0,2024-08-05 10:39:11,2024-08-05 10:39:11
992,28.95,616.82605,938.304,0.0,2024-08-05 10:39:17,2024-08-05 10:39:17
993,28.973999,616.86206,938.3,0.0,2024-08-05 10:39:24,2024-08-05 10:39:24
994,29.001999,616.366,938.3561,0.0,2024-08-05 10:39:30,2024-08-05 10:39:30
995,29.018002,616.842,938.30206,0.0,2024-08-05 10:39:36,2024-08-05 10:39:36
996,29.052002,616.594,938.32996,0.0,2024-08-05 10:39:43,2024-08-05 10:39:43
997,29.09,616.046,938.39197,0.0,2024-08-05 10:39:49,2024-08-05 10:39:49
998,29.122004,616.258,938.368,0.0,2024-08-05 10:39:55,2024-08-05 10:39:55
999,29.164001,617.01794,938.28204,0.0,2024-08-05 10:40:01,2024-08-05 10:40:01
1000,29.314001,627.63196,937.08606,6.89,2024-08-05 10:40:08,2024-08-05 10:40:08
1001,30.3,636.66797,936.068,7.68,2024-08-05 10:40:14,2024-08-05 10:40:14
1002,31.574,636.438,936.09406,5.8,2024-08-05 10:40:26,2024-08-05 10:40:26
1003,33.202,635.86597,936.158,5.91,2024-08-05 10:40:32,2024-08-05 10:40:32
1004,31.170002,618.17004,938.126,0.0,2024-08-05 10:59:40,2024-08-05 10:59:40
1005,31.178,618.02997,938.1761,0.0,2024-08-05 10:59:47,2024-08-05 10:59:47
1006,31.178,618.26,938.16,0.0,2024-08-05 10:59:53,2024-08-05 10:59:53
1007,31.157999,618.386,938.112,0.0,2024-08-05 10:59:59,2024-08-05 10:59:59
1008,31.13,618.42,938.098,0.0,2024-08-05 11:00:05,2024-08-05 11:00:05
1009,31.179998,621.454,937.654,1.39,2024-08-05 11:00:12,2024-08-05 11:00:12
1010,31.772,628.162,936.90607,2.55,2024-08-05 11:00:18,2024-08-05 11:00:18
1011,32.596,630.026,936.82196,2.46,2024-08-05 11:00:24,2024-08-05 11:00:24
1012,33.292,629.388,936.90594,2.44,2024-08-05 11:00:30,2024-08-05 11:00:30
1013,33.909996,629.19,936.896,2.43,2024-08-05 11:00:37,2024-08-05 11:00:37
1014,34.482002,629.296,936.9181,0.88,2024-08-05 11:00:43,2024-08-05 11:00:43
1015,34.983997,627.734,937.14795,2.76,2024-08-05 11:00:50,2024-08-05 11:00:50
1016,35.436,626.724,937.11804,2.93,2024-08-05 11:00:56,2024-08-05 11:00:56
1017,35.862,628.94403,936.938,3.0,2024-08-05 11:01:02,2024-08-05 11:01:02
1018,36.172,625.412,937.384,3.11,2024-08-05 11:01:09,2024-08-05 11:01:09
1019,36.222,626.27997,937.254,2.67,2024-08-05 11:01:15,2024-08-05 11:01:15
1020,36.441998,625.216,937.39,2.68,2024-08-05 11:01:21,2024-08-05 11:01:21
1021,36.686,625.07196,937.3301,2.66,2024-08-05 11:01:27,2024-08-05 11:01:27
1022,36.91,625.44403,937.35596,2.71,2024-08-05 11:01:34,2024-08-05 11:01:34
1023,37.114002,625.5,937.35803,2.06,2024-08-05 11:01:40,2024-08-05 11:01:40
1024,37.284,627.94806,936.94006,2.2,2024-08-05 11:01:46,2024-08-05 11:01:46
1025,37.562,628.728,936.94006,2.1,2024-08-05 11:01:53,2024-08-05 11:01:53
1026,37.851997,631.214,936.65,3.22,2024-08-05 11:01:59,2024-08-05 11:01:59
1027,38.184,631.8519,936.6279,2.93,2024-08-05 11:02:05,2024-08-05 11:02:05
1028,38.421997,629.348,936.9119,2.72,2024-08-05 11:02:11,2024-08-05 11:02:11
1029,38.54,633.806,936.312,4.46,2024-08-05 11:02:18,2024-08-05 11:02:18
1030,38.732002,633.56006,936.66406,1.37,2024-08-05 11:02:24,2024-08-05 11:02:24
1031,38.682,621.72003,937.72394,1.24,2024-08-05 11:02:31,2024-08-05 11:02:31
1032,38.204002,623.972,937.3301,0.64,2024-08-05 11:02:37,2024-08-05 11:02:37
1033,38.096,630.89606,936.708,4.47,2024-08-05 11:02:43,2024-08-05 11:02:43
1034,38.244,631.074,936.69403,5.34,2024-08-05 11:02:49,2024-08-05 11:02:49
1035,38.396004,631.178,936.69006,6.16,2024-08-05 11:02:56,2024-08-05 11:02:56
1036,38.678,630.344,936.804,6.04,2024-08-05 11:03:02,2024-08-05 11:03:02
1037,38.715996,630.45197,936.7699,5.96,2024-08-05 11:03:08,2024-08-05 11:03:08
1038,38.784004,629.6,936.842,5.54,2024-08-05 11:03:15,2024-08-05 11:03:15
1039,38.898003,630.22003,936.8141,6.66,2024-08-05 11:03:21,2024-08-05 11:03:21
1040,38.822,630.806,936.72003,6.42,2024-08-05 11:03:27,2024-08-05 11:03:27
1041,39.032,630.292,936.82404,4.79,2024-08-05 11:03:34,2024-08-05 11:03:34
1042,39.298,630.13,936.78204,6.79,2024-08-05 11:03:40,2024-08-05 11:03:40
1043,39.592,631.97797,936.546,7.02,2024-08-05 11:03:46,2024-08-05 11:03:46
1044,39.812,627.68,937.266,1.55,2024-08-05 11:03:53,2024-08-05 11:03:53
1045,38.646,622.92804,937.68396,0.0,2024-08-05 11:04:36,2024-08-05 11:04:36
1046,37.946003,628.26794,936.80994,0.81,2024-08-05 11:04:43,2024-08-05 11:04:43
1047,38.344,630.718,936.808,5.53,2024-08-05 11:04:51,2024-08-05 11:04:51
1048,39.044,627.768,937.00195,5.22,2024-08-05 11:04:58,2024-08-05 11:04:58
1049,39.4,628.856,936.95593,5.10,2024-08-05 11:05:04,2024-08-05 11:05:04
1050,39.776,629.298,936.89404,5.8,2024-08-05 11:05:10,2024-08-05 11:05:10
1051,28.9,626.26166,937.238,0.0,2024-08-05 11:59:46,2024-08-05 11:59:46
1052,28.916,626.88196,937.17004,0.0,2024-08-05 11:59:52,2024-08-05 11:59:52
1053,28.952,626.566,937.20605,0.0,2024-08-05 11:59:59,2024-08-05 11:59:59
1054,28.994,626.936,937.16394,0.0,2024-08-05 12:00:05,2024-08-05 12:00:05
1055,29.044,629.188,936.91,0.0,2024-08-05 12:00:11,2024-08-05 12:00:11
1056,29.696003,637.842,935.93604,3.23,2024-08-05 12:00:18,2024-08-05 12:00:18
1057,30.88,639.384,935.762,3.29,2024-08-05 12:00:24,2024-08-05 12:00:24
1058,31.964,640.096,935.682,3.44,2024-08-05 12:00:30,2024-08-05 12:00:30
1059,32.93,639.35,935.766,3.48,2024-08-05 12:00:37,2024-08-05 12:00:37
1060,33.809998,639.762,935.72003,3.48,2024-08-05 12:00:43,2024-08-05 12:00:43
1061,34.642,639.528,935.746,3.48,2024-08-05 12:00:49,2024-08-05 12:00:49
1062,35.416,639.492,935.75,3.43,2024-08-05 12:00:55,2024-08-05 12:00:55
1063,36.112003,640.15,935.6761,3.45,2024-08-05 12:01:02,2024-08-05 12:01:02
1064,36.762,639.938,935.7,3.46,2024-08-05 12:01:08,2024-08-05 12:01:08
1065,37.346,640.826,935.6,3.45,2024-08-05 12:01:14,2024-08-05 12:01:14
1066,37.93,640.95,935.58606,3.4,2024-08-05 12:01:21,2024-08-05 12:01:21
1067,38.484,640.542,935.632,3.47,2024-08-05 12:01:27,2024-08-05 12:01:27
1068,39.036003,640.87805,935.59406,3.38,2024-08-05 12:01:33,2024-08-05 12:01:33
1069,39.496002,635.26404,936.22595,2.6,2024-08-05 12:01:40,2024-08-05 12:01:40
1070,39.704,637.55597,935.96796,4.47,2024-08-05 12:01:46,2024-08-05 12:01:46
1071,40.258,637.16394,936.012,3.55,2024-08-05 12:01:52,2024-08-05 12:01:52
1072,40.78,636.32996,936.1061,3.85,2024-08-05 12:01:59,2024-08-05 12:01:59
1073,41.087997,630.486,936.76404,0.0,2024-08-05 12:02:05,2024-08-05 12:02:05
1074,40.565998,627.648,937.084,0.0,2024-08-05 12:02:11,2024-08-05 12:02:11
1075,40.246002,639.9,935.704,4.72,2024-08-05 12:02:17,2024-08-05 12:02:17
1076,40.702003,638.798,935.828,4.33,2024-08-05 12:02:24,2024-08-05 12:02:24
1077,41.094,638.054,935.912,3.91,2024-08-05 12:02:30,2024-08-05 12:02:30
1078,41.025997,637.96204,935.922,4.5,2024-08-05 12:02:37,2024-08-05 12:02:37
1079,40.98,641.42804,935.53204,4.92,2024-08-05 12:02:43,2024-08-05 12:02:43
1080,41.25,644.256,935.21405,4.83,2024-08-05 12:02:49,2024-08-05 12:02:49
1081,41.678,644.16797,935.224,4.95,2024-08-05 12:02:55,2024-08-05 12:02:55
1082,42.174004,643.742,935.272,4.95,2024-08-05 12:03:02,2024-08-05 12:03:02
1083,42.674004,643.88403,935.256,4.89,2024-08-05 12:03:08,2024-08-05 12:03:08
1084,43.157997,643.66797,935.2801,5.04,2024-08-05 12:03:14,2024-08-05 12:03:14
1085,43.381996,643.33203,935.31805,5.16,2024-08-05 12:03:21,2024-08-05 12:03:21
1086,43.622,643.136,935.33997,5.16,2024-08-05 12:03:27,2024-08-05 12:03:27
1087,43.685997,643.526,935.296,5.0,2024-08-05 12:03:33,2024-08-05 12:03:33
1088,43.722004,643.916,935.25195,5.03,2024-08-05 12:03:40,2024-08-05 12:03:40
1089,43.912,643.82996,935.262,5.0,2024-08-05 12:03:46,2024-08-05 12:03:46
1090,44.032,643.314,935.32,5.08,2024-08-05 12:03:53,2024-08-05 12:03:53
1091,44.311996,643.312,935.31995,5.16,2024-08-05 12:03:59,2024-08-05 12:03:59
1092,44.622,643.13605,935.33997,4.95,2024-08-05 12:04:05,2024-08-05 12:04:05
1093,44.622,643.13403,935.34,4.94,2024-08-05 12:04:11,2024-08-05 12:04:11
1094,44.644,642.94006,935.362,5.03,2024-08-05 12:04:19,2024-08-05 12:04:19
1095,44.738,643.134,935.34,5.11,2024-08-05 12:04:24,2024-08-05 12:04:24
1096,44.932,641.3939,935.536,5.08,2024-08-05 12:04:30,2024-08-05 12:04:30
1097,45.098,642.01404,935.466,5.16,2024-08-05 12:04:37,2024-08-05 12:04:37
1098,45.124,641.536,935.52,5.03,2024-08-05 12:04:43,2024-08-05 12:04:43
1099,44.471996,641.51794,935.522,4.97,2024-08-05 12:04:49,2024-08-05 12:04:49
1100,44.034,642.406,935.422,5.01,2024-08-05 12:04:55,2024-08-05 12:04:55
1101,43.94,642.832,935.374,4.91,2024-08-05 12:05:02,2024-08-05 12:05:02
1102,43.628,632.31396,936.558,0.0,2024-08-05 12:05:08,2024-08-05 12:05:08
1103,32.884,639.06604,935.798,0.0,2024-08-05 13:00:20,2024-08-05 13:00:20
1104,30.207998,639.422,935.758,0.0,2024-08-05 13:00:26,2024-08-05 13:00:26
1105,29.864002,639.74396,935.722,0.0,2024-08-05 13:00:33,2024-08-05 13:00:33
1106,29.661999,639.846,935.70996,0.0,2024-08-05 13:00:39,2024-08-05 13:00:39
1107,31.481998,647.42004,934.85803,2.8,2024-08-05 13:01:00,2024-08-05 13:01:00
1108,32.422,648.256,934.764,2.83,2024-08-05 13:01:07,2024-08-05 13:01:07
1109,33.318,647.38605,934.86194,3.22,2024-08-05 13:01:11,2024-08-05 13:01:11
1110,34.062,646.106,935.006,2.97,2024-08-05 13:01:17,2024-08-05 13:01:17
1111,35.441998,649.32404,934.64404,3.22,2024-08-05 13:01:37,2024-08-05 13:01:37
1112,35.654,643.244,935.328,2.97,2024-08-05 13:01:42,2024-08-05 13:01:42
1113,35.802,643.438,935.306,2.97,2024-08-05 13:01:49,2024-08-05 13:01:49
1114,35.958,647.956,934.79803,3.48,2024-08-05 13:01:58,2024-08-05 13:01:58
1115,36.38,650.14,934.55194,3.25,2024-08-05 13:02:01,2024-08-05 13:02:01
1116,34.63,648.56,934.73,2.76,2024-08-05 13:02:04,2024-08-05 13:02:04
1117,36.828,651.266,934.42596,3.31,2024-08-05 13:02:08,2024-08-05 13:02:08
1118,37.284004,648.68396,934.716,3.87,2024-08-05 13:02:14,2024-08-05 13:02:14
1119,37.744003,649.41394,934.634,3.34,2024-08-05 13:02:20,2024-08-05 13:02:20
1120,37.924,644.238,935.216,3.31,2024-08-05 13:02:26,2024-08-05 13:02:26
1121,38.058002,648.614,934.724,3.24,2024-08-05 13:02:33,2024-08-05 13:02:33
1122,38.408,646.798,934.92804,3.84,2024-08-05 13:02:39,2024-08-05 13:02:39
1123,38.568,646.784,934.93,3.38,2024-08-05 13:02:45,2024-08-05 13:02:45
1124,38.711998,647.52997,934.846,3.75,2024-08-05 13:02:52,2024-08-05 13:02:52
1125,38.972,645.71204,935.05,3.83,2024-08-05 13:02:58,2024-08-05 13:02:58
1126,39.348,645.04,935.126,3.31,2024-08-05 13:03:04,2024-08-05 13:03:04
1127,39.744,653.274,934.2,3.65,2024-08-05 13:03:11,2024-08-05 13:03:11
1128,40.166,651.246,934.42804,0.0,2024-08-05 13:03:17,2024-08-05 13:03:17
1129,40.32,651.14,934.43994,2.21,2024-08-05 13:03:23,2024-08-05 13:03:23
1130,40.616,653.646,934.158,3.74,2024-08-05 13:03:30,2024-08-05 13:03:30
1131,40.97,653.436,934.182,3.66,2024-08-05 13:03:38,2024-08-05 13:03:38
1132,41.264,653.932,934.126,0.68,2024-08-05 13:03:42,2024-08-05 13:03:42
1133,41.486,650.92596,934.464,3.63,2024-08-05 13:03:48,2024-08-05 13:03:48
1134,41.67,653.416,934.18396,3.39,2024-08-05 13:03:55,2024-08-05 13:03:55
1135,41.972004,654.324,934.08203,3.74,2024-08-05 13:04:01,2024-08-05 13:04:01
1136,42.266,651.938,934.35,4.09,2024-08-05 13:04:07,2024-08-05 13:04:07
1137,42.547997,652.758,934.258,3.64,2024-08-05 13:04:14,2024-08-05 13:04:14
1138,42.91,651.31604,934.42004,3.83,2024-08-05 13:04:20,2024-08-05 13:04:20
1139,43.208,651.56604,934.39197,3.7,2024-08-05 13:04:26,2024-08-05 13:04:26
1140,43.416,652.262,934.3141,3.74,2024-08-05 13:04:33,2024-08-05 13:04:33
1141,43.52,652.526,934.28406,3.68,2024-08-05 13:04:39,2024-08-05 13:04:39
1142,43.660004,653.61,934.1621,3.48,2024-08-05 13:04:45,2024-08-05 13:04:45
1143,44.03,654.12805,934.104,3.74,2024-08-05 13:04:52,2024-08-05 13:04:52
1144,44.39,653.504,934.17395,3.78,2024-08-05 13:04:58,2024-08-05 13:04:58
1145,44.578,653.16595,934.21204,3.97,2024-08-05 13:05:04,2024-08-05 13:05:04
1146,44.68,653.47003,934.17804,3.76,2024-08-05 13:05:12,2024-08-05 13:05:12
1147,44.878,650.71204,934.488,3.18,2024-08-05 13:05:17,2024-08-05 13:05:17
1148,23.434,643.82996,935.262,0.0,2024-08-05 14:00:01,2024-08-05 14:00:01
1149,23.472,643.936,935.25,0.0,2024-08-05 14:00:06,2024-08-05 14:00:06
1150,23.529999,644.29004,935.20996,0.0,2024-08-05 14:00:12,2024-08-05 14:00:12
1151,23.596,644.02405,935.24005,0.0,2024-08-05 14:00:19,2024-08-05 14:00:19
1152,23.664,644.61,935.17395,0.0,2024-08-05 14:00:25,2024-08-05 14:00:25
1153,23.762001,644.326,935.20593,0.0,2024-08-05 14:00:31,2024-08-05 14:00:31
1154,23.962,648.756,934.708,1.83,2024-08-05 14:00:38,2024-08-05 14:00:38
1155,24.828,656.87,933.796,2.51,2024-08-05 14:00:44,2024-08-05 14:00:44
1156,26.133999,660.42804,933.396,2.27,2024-08-05 14:00:53,2024-08-05 14:00:53
1157,27.292002,662.83203,933.126,2.69,2024-08-05 14:00:56,2024-08-05 14:00:56
1158,28.382,660.57404,933.38007,2.7,2024-08-05 14:01:03,2024-08-05 14:01:03
1159,29.332,662.76404,933.134,2.69,2024-08-05 14:01:09,2024-08-05 14:01:09
1160,30.25,661.944,933.22595,2.71,2024-08-05 14:01:15,2024-08-05 14:01:15
1161,31.074,663.06604,933.1,2.89,2024-08-05 14:01:22,2024-08-05 14:01:22
1162,31.803997,662.138,933.204,2.97,2024-08-05 14:01:28,2024-08-05 14:01:28
1163,32.478,662.816,933.1279,2.69,2024-08-05 14:01:34,2024-08-05 14:01:34
1164,33.14,661.33997,933.29407,3.1,2024-08-05 14:01:41,2024-08-05 14:01:41
1165,33.654,659.432,933.508,3.17,2024-08-05 14:01:47,2024-08-05 14:01:47
1166,34.086,658.612,933.6,3.25,2024-08-05 14:01:53,2024-08-05 14:01:53
1167,34.428,658.632,933.598,3.28,2024-08-05 14:02:00,2024-08-05 14:02:00
1168,34.804,657.422,933.734,3.23,2024-08-05 14:02:06,2024-08-05 14:02:06
1169,35.196,656.942,933.78796,3.21,2024-08-05 14:02:12,2024-08-05 14:02:12
1170,35.594,657.06396,933.77405,3.31,2024-08-05 14:02:19,2024-08-05 14:02:19
1171,36.012,657.866,933.68396,3.18,2024-08-05 14:02:25,2024-08-05 14:02:25
1172,36.424,657.512,933.72394,3.12,2024-08-05 14:02:31,2024-08-05 14:02:31
1173,36.819996,656.584,933.82794,3.09,2024-08-05 14:02:37,2024-08-05 14:02:37
1174,37.129997,656.26404,933.86395,2.92,2024-08-05 14:02:44,2024-08-05 14:02:44
1175,37.462,656.654,933.82,3.05,2024-08-05 14:02:50,2024-08-05 14:02:50
1176,37.803997,656.55,933.8319,3.03,2024-08-05 14:02:56,2024-08-05 14:02:56
1177,38.104,656.228,933.868,3.0,2024-08-05 14:03:03,2024-08-05 14:03:03
1178,38.404003,656.81604,933.80194,3.31,2024-08-05 14:03:09,2024-08-05 14:03:09
1179,38.727997,657.6,933.71405,3.25,2024-08-05 14:03:15,2024-08-05 14:03:15
1180,39.05,656.888,933.79407,3.15,2024-08-05 14:03:22,2024-08-05 14:03:22
1181,39.326,654.82196,934.026,2.9,2024-08-05 14:03:28,2024-08-05 14:03:28
1182,39.445995,653.27203,934.2,2.77,2024-08-05 14:03:34,2024-08-05 14:03:34
1183,39.512,651.974,934.346,3.18,2024-08-05 14:03:41,2024-08-05 14:03:41
1184,39.572,654.662,934.04407,3.1,2024-08-05 14:03:47,2024-08-05 14:03:47
1185,39.84,656.83203,933.8,2.99,2024-08-05 14:03:53,2024-08-05 14:03:53
1186,40.21,656.708,933.8141,3.09,2024-08-05 14:04:00,2024-08-05 14:04:00
1187,40.572,657.47595,933.728,3.17,2024-08-05 14:04:06,2024-08-05 14:04:06
1188,40.892002,656.194,933.87195,3.18,2024-08-05 14:04:12,2024-08-05 14:04:12
1189,41.188,656.85,933.798,2.97,2024-08-05 14:04:18,2024-08-05 14:04:18
1190,41.469997,656.51196,933.83606,3.44,2024-08-05 14:04:25,2024-08-05 14:04:25
1191,41.674,657.47595,933.728,3.47,2024-08-05 14:04:31,2024-08-05 14:04:31
1192,41.968,658.04407,933.66406,3.22,2024-08-05 14:04:37,2024-08-05 14:04:37
1193,42.272,657.22595,933.75604,3.3,2024-08-05 14:04:44,2024-08-05 14:04:44
1194,42.496,656.048,933.888,2.97,2024-08-05 14:04:50,2024-08-05 14:04:50
1195,42.57,656.62,933.8239,3.14,2024-08-05 14:04:56,2024-08-05 14:04:56
1196,42.588,656.26404,933.86395,3.01,2024-08-05 14:05:03,2024-08-05 14:05:03
1197,42.704002,655.37195,933.96405,2.75,2024-08-05 14:05:09,2024-08-05 14:05:09
1198,42.406,646.018,935.016,0.0,2024-08-05 14:05:15,2024-08-05 14:05:15
1199,41.52,645.23206,935.104,0.0,2024-08-05 14:05:22,2024-08-05 14:05:22
1200,40.920002,645.51807,935.07196,0.0,2024-08-05 14:05:28,2024-08-05 14:05:28
1201,40.476,645.28796,935.098,0.0,2024-08-05 14:05:34,2024-08-05 14:05:34
1202,39.942,645.5,935.07404,0.0,2024-08-05 14:05:41,2024-08-05 14:05:41
1203,24.24,647.3375,934.88007,0.0,2024-08-05 15:00:28,2024-08-05 15:00:28
1204,24.290003,647.5121,934.84796,0.0,2024-08-05 15:00:31,2024-08-05 15:00:31
1205,24.357998,647.618,934.83606,0.0,2024-08-05 15:00:37,2024-08-05 15:00:37
1206,24.424,647.812,934.81396,0.0,2024-08-05 15:00:44,2024-08-05 15:00:44
1207,24.470001,647.296,934.87195,0.0,2024-08-05 15:00:50,2024-08-05 15:00:50
1208,24.526001,647.918,934.80194,0.0,2024-08-05 15:00:56,2024-08-05 15:00:56
1209,24.679998,647.582,934.84,0.0,2024-08-05 15:01:02,2024-08-05 15:01:02
1210,25.156,657.206,933.758,0.39,2024-08-05 15:01:10,2024-08-05 15:01:10
1211,26.212,659.504,933.5,0.0,2024-08-05 15:01:15,2024-08-05 15:01:15
1212,27.264002,661.018,933.32996,0.68,2024-08-05 15:01:22,2024-08-05 15:01:22
1213,28.217999,659.932,933.452,0.0,2024-08-05 15:01:28,2024-08-05 15:01:28
1214,28.968002,660.6439,933.3721,0.43,2024-08-05 15:01:34,2024-08-05 15:01:34
1215,29.597998,659.362,933.516,1.06,2024-08-05 15:01:40,2024-08-05 15:01:40
1216,30.200003,661.21204,933.308,0.93,2024-08-05 15:01:47,2024-08-05 15:01:47
1217,30.691998,661.41,933.286,0.99,2024-08-05 15:01:53,2024-08-05 15:01:53
1218,31.13,660.5541,933.382,0.13,2024-08-05 15:01:59,2024-08-05 15:01:59
1219,31.525997,661.248,933.304,0.43,2024-08-05 15:02:06,2024-08-05 15:02:06
1220,31.836002,659.68005,933.48,0.44,2024-08-05 15:02:12,2024-08-05 15:02:12
1221,32.14,660.4461,933.3939,1.19,2024-08-05 15:02:18,2024-08-05 15:02:18
1222,32.497997,660.39594,933.4,1.16,2024-08-05 15:02:25,2024-08-05 15:02:25
1223,32.865997,658.5421,933.60803,1.07,2024-08-05 15:02:31,2024-08-05 15:02:31
1224,33.054005,657.59796,933.714,1.16,2024-08-05 15:02:37,2024-08-05 15:02:37
1225,33.269997,658.6659,933.59406,1.68,2024-08-05 15:02:44,2024-08-05 15:02:44
1226,33.440002,657.938,933.67596,0.18,2024-08-05 15:02:50,2024-08-05 15:02:50
1227,33.631996,660.35803,933.404,0.0,2024-08-05 15:02:56,2024-08-05 15:02:56
1228,33.872,659.736,933.474,1.47,2024-08-05 15:03:02,2024-08-05 15:03:02
1229,34.128,661.31995,933.2961,1.28,2024-08-05 15:03:09,2024-08-05 15:03:09
1230,34.334,663.028,933.104,0.99,2024-08-05 15:03:15,2024-08-05 15:03:15
1231,34.568,660.3241,933.408,0.99,2024-08-05 15:03:21,2024-08-05 15:03:21
1232,34.838,661.678,933.256,0.73,2024-08-05 15:03:28,2024-08-05 15:03:28
1233,35.157997,661.55206,933.27,0.96,2024-08-05 15:03:34,2024-08-05 15:03:34
1234,33.21625,653.9075,934.068,0.23,2024-08-05 15:04:28,2024-08-05 15:04:28
1235,33.39,662.746,933.13605,0.0,2024-08-05 15:04:33,2024-08-05 15:04:33
1236,33.986,655.46204,933.954,0.72,2024-08-05 15:04:39,2024-08-05 15:04:39
1237,34.323997,653.132,934.21594,1.02,2024-08-05 15:04:46,2024-08-05 15:04:46
1238,34.610004,653.22003,934.20593,0.52,2024-08-05 15:05:00,2024-08-05 15:05:00
1239,34.822,657.046,933.776,0.0,2024-08-05 15:05:01,2024-08-05 15:05:01
1240,35.118,660.768,933.35803,0.73,2024-08-05 15:05:05,2024-08-05 15:05:05
1241,35.594,661.10596,933.32,0.05,2024-08-05 15:05:11,2024-08-05 15:05:11
1242,35.882,655.766,933.92004,0.0,2024-08-05 15:05:17,2024-08-05 15:05:17
1243,36.224,661.78204,933.24396,0.1,2024-08-05 15:05:24,2024-08-05 15:05:24
1244,36.584,661.052,933.326,0.94,2024-08-05 15:05:30,2024-08-05 15:05:30
1245,36.808,662.424,933.17206,0.64,2024-08-05 15:05:36,2024-08-05 15:05:36
1246,37.028,663.278,933.076,0.82,2024-08-05 15:05:43,2024-08-05 15:05:43
1247,36.806,650.838,934.474,0.0,2024-08-05 15:05:49,2024-08-05 15:05:49
1248,27.638,646.516,934.9601,0.0,2024-08-05 16:00:16,2024-08-05 16:00:16
1249,27.651999,646.904,934.916,0.0,2024-08-05 16:00:22,2024-08-05 16:00:22
1250,27.65,646.762,934.932,0.0,2024-08-05 16:00:29,2024-08-05 16:00:29
1251,27.597998,647.13806,934.88995,0.0,2024-08-05 16:00:35,2024-08-05 16:00:35
1252,27.598001,647.35,934.866,0.0,2024-08-05 16:00:41,2024-08-05 16:00:41
1253,27.635998,647.494,934.85,0.0,2024-08-05 16:00:47,2024-08-05 16:00:47
1254,27.684002,646.92395,934.91406,0.0,2024-08-05 16:00:54,2024-08-05 16:00:54
1255,27.756,647.474,934.85205,0.0,2024-08-05 16:01:00,2024-08-05 16:01:00
1256,27.87,647.97,934.796,0.0,2024-08-05 16:01:08,2024-08-05 16:01:08
1257,27.978,647.742,934.82196,0.0,2024-08-05 16:01:13,2024-08-05 16:01:13
1258,28.082,647.636,934.834,0.0,2024-08-05 16:01:30,2024-08-05 16:01:30
1259,28.170002,647.188,934.884,0.0,2024-08-05 16:01:30,2024-08-05 16:01:30
1260,28.252003,646.62195,934.94806,0.0,2024-08-05 16:01:33,2024-08-05 16:01:33
1261,28.324,646.90607,934.916,0.0,2024-08-05 16:01:38,2024-08-05 16:01:38
1262,28.397999,646.95605,934.91,0.0,2024-08-05 16:01:44,2024-08-05 16:01:44
1263,28.462,646.958,934.91,0.0,2024-08-05 16:01:51,2024-08-05 16:01:51
1264,28.623999,646.782,934.93,0.0,2024-08-05 16:02:10,2024-08-05 16:02:10
1265,28.714,646.54803,934.95605,0.0,2024-08-05 16:02:23,2024-08-05 16:02:23
1266,28.75,646.692,934.94006,0.0,2024-08-05 16:02:29,2024-08-05 16:02:29
1267,28.788,646.942,934.912,0.0,2024-08-05 16:02:36,2024-08-05 16:02:36
1268,28.824,646.50006,934.9619,0.0,2024-08-05 16:02:44,2024-08-05 16:02:44
1269,28.85,646.782,934.93,0.0,2024-08-05 16:02:48,2024-08-05 16:02:48
1270,28.883999,646.408,934.97205,0.0,2024-08-05 16:02:54,2024-08-05 16:02:54
1271,28.916,646.816,934.92596,0.0,2024-08-05 16:03:00,2024-08-05 16:03:00
1272,28.966,646.654,934.944,0.0,2024-08-05 16:03:06,2024-08-05 16:03:06
1273,29.014002,646.656,934.944,0.0,2024-08-05 16:03:14,2024-08-05 16:03:14
1274,29.057999,646.62195,934.94794,0.0,2024-08-05 16:03:19,2024-08-05 16:03:19
1275,29.078,646.584,934.95197,0.0,2024-08-05 16:03:25,2024-08-05 16:03:25
1276,29.102001,646.854,934.922,0.0,2024-08-05 16:03:32,2024-08-05 16:03:32
1277,29.132,646.356,934.9779,0.0,2024-08-05 16:03:38,2024-08-05 16:03:38
1278,29.172,646.33606,934.98,0.0,2024-08-05 16:03:44,2024-08-05 16:03:44
1279,29.186,646.442,934.9681,0.0,2024-08-05 16:03:51,2024-08-05 16:03:51
1280,29.209997,646.38995,934.974,0.0,2024-08-05 16:03:57,2024-08-05 16:03:57
1281,29.221996,646.63605,934.946,0.0,2024-08-05 16:04:03,2024-08-05 16:04:03
1282,29.23,646.496,934.96204,0.0,2024-08-05 16:04:09,2024-08-05 16:04:09
1283,29.222,645.732,935.04803,0.0,2024-08-05 16:04:17,2024-08-05 16:04:17
1284,29.225998,647.02997,934.902,0.0,2024-08-05 16:04:22,2024-08-05 16:04:22
1285,29.235998,646.958,934.91,0.0,2024-08-05 16:04:28,2024-08-05 16:04:28
1286,29.24,647.028,934.90204,0.0,2024-08-05 16:04:35,2024-08-05 16:04:35
1287,29.264002,646.852,934.922,0.0,2024-08-05 16:04:41,2024-08-05 16:04:41
1288,29.301998,646.904,934.9159,0.0,2024-08-05 16:04:47,2024-08-05 16:04:47
1289,29.322,645.89197,935.02997,0.0,2024-08-05 16:04:54,2024-08-05 16:04:54
1290,29.35,646.922,934.91394,0.0,2024-08-05 16:05:01,2024-08-05 16:05:01
1291,29.317999,646.83405,934.924,0.0,2024-08-05 16:05:11,2024-08-05 16:05:11
1292,29.298,646.76404,934.932,0.0,2024-08-05 16:05:13,2024-08-05 16:05:13
1293,29.290003,647.102,934.89404,0.0,2024-08-05 16:05:19,2024-08-05 16:05:19
1294,29.290003,647.118,934.89197,0.0,2024-08-05 16:05:25,2024-08-05 16:05:25
1295,29.298,647.188,934.884,0.0,2024-08-05 16:05:32,2024-08-05 16:05:32
1296,29.276001,646.584,934.952,0.0,2024-08-05 16:05:38,2024-08-05 16:05:38
1297,29.203999,647.42004,934.85803,0.0,2024-08-05 16:05:44,2024-08-05 16:05:44
1298,28.784,645.786,935.042,0.0,2024-08-05 17:00:04,2024-08-05 17:00:04
1299,27.27,643.76,935.27,0.0,2024-08-05 17:00:08,2024-08-05 17:00:08
1300,27.266,642.904,935.366,0.0,2024-08-05 17:00:14,2024-08-05 17:00:14
1301,27.254002,643.312,935.31995,0.0,2024-08-05 17:00:20,2024-08-05 17:00:20
1302,27.232,643.73804,935.272,0.0,2024-08-05 17:00:27,2024-08-05 17:00:27
1303,27.187998,643.61597,935.286,0.0,2024-08-05 17:00:33,2024-08-05 17:00:33
1304,27.09,643.36804,935.3141,0.0,2024-08-05 17:00:39,2024-08-05 17:00:39
1305,27.056,643.17395,935.33594,0.0,2024-08-05 17:00:46,2024-08-05 17:00:46
1306,27.1,643.386,935.312,0.0,2024-08-05 17:00:52,2024-08-05 17:00:52
1307,27.159998,643.082,935.346,0.0,2024-08-05 17:00:58,2024-08-05 17:00:58
1308,27.207998,642.956,935.36,0.0,2024-08-05 17:01:05,2024-08-05 17:01:05
1309,27.242,642.674,935.39197,0.0,2024-08-05 17:01:11,2024-08-05 17:01:11
1310,27.279999,643.24207,935.328,0.0,2024-08-05 17:01:17,2024-08-05 17:01:17
1311,27.328,642.97595,935.35803,0.0,2024-08-05 17:01:24,2024-08-05 17:01:24
1312,27.352,642.834,935.374,0.0,2024-08-05 17:01:30,2024-08-05 17:01:30
1313,27.385998,642.902,935.366,0.0,2024-08-05 17:01:41,2024-08-05 17:01:41
1314,27.411999,643.156,935.338,0.0,2024-08-05 17:01:43,2024-08-05 17:01:43
1315,27.438,643.116,935.342,0.0,2024-08-05 17:01:49,2024-08-05 17:01:49
1316,27.458002,643.508,935.29803,0.0,2024-08-05 17:01:55,2024-08-05 17:01:55
1317,27.498001,643.008,935.354,0.0,2024-08-05 17:02:01,2024-08-05 17:02:01
1318,27.518002,643.012,935.354,0.0,2024-08-05 17:02:08,2024-08-05 17:02:08
1319,27.540003,642.81396,935.376,0.0,2024-08-05 17:02:14,2024-08-05 17:02:14
1320,27.560001,642.88605,935.368,0.0,2024-08-05 17:02:21,2024-08-05 17:02:21
1321,27.578,642.81604,935.376,0.0,2024-08-05 17:02:27,2024-08-05 17:02:27
1322,27.594,643.226,935.32996,0.0,2024-08-05 17:02:34,2024-08-05 17:02:34
1323,27.618,643.224,935.32996,0.0,2024-08-05 17:02:39,2024-08-05 17:02:39
1324,27.632,643.19,935.334,0.0,2024-08-05 17:02:46,2024-08-05 17:02:46
1325,27.644001,642.62,935.39795,0.0,2024-08-05 17:02:52,2024-08-05 17:02:52
1326,27.664001,642.71204,935.388,0.0,2024-08-05 17:02:58,2024-08-05 17:02:58
1327,27.678,642.868,935.37,0.0,2024-08-05 17:03:05,2024-08-05 17:03:05
1328,27.688,643.046,935.35,0.0,2024-08-05 17:03:11,2024-08-05 17:03:11
1329,27.697998,643.064,935.34796,0.0,2024-08-05 17:03:17,2024-08-05 17:03:17
1330,27.721996,643.27997,935.32404,0.0,2024-08-05 17:03:25,2024-08-05 17:03:25
1331,27.735998,642.71,935.388,0.0,2024-08-05 17:03:30,2024-08-05 17:03:30
1332,27.748001,643.1,935.34393,0.0,2024-08-05 17:03:36,2024-08-05 17:03:36
1333,27.776001,642.6359,935.396,0.0,2024-08-05 17:03:43,2024-08-05 17:03:43
1334,27.792002,643.00995,935.354,0.0,2024-08-05 17:03:49,2024-08-05 17:03:49
1335,27.801998,643.02795,935.35205,0.0,2024-08-05 17:03:55,2024-08-05 17:03:55
1336,27.822,642.76196,935.382,0.0,2024-08-05 17:04:01,2024-08-05 17:04:01
1337,27.829998,642.38995,935.424,0.0,2024-08-05 17:04:08,2024-08-05 17:04:08
1338,27.845999,642.354,935.4279,0.0,2024-08-05 17:04:14,2024-08-05 17:04:14
1339,27.858002,643.31396,935.32,0.0,2024-08-05 17:04:20,2024-08-05 17:04:20
1340,27.86,643.67,935.2801,0.0,2024-08-05 17:04:27,2024-08-05 17:04:27
1341,27.842001,643.66797,935.27997,0.0,2024-08-05 17:04:33,2024-08-05 17:04:33
1342,27.752003,643.812,935.264,0.0,2024-08-05 17:04:39,2024-08-05 17:04:39
1343,27.598001,643.154,935.338,0.0,2024-08-05 17:04:46,2024-08-05 17:04:46
1344,27.539999,643.242,935.32794,0.0,2024-08-05 17:04:52,2024-08-05 17:04:52
1345,27.508001,643.24,935.328,0.0,2024-08-05 17:04:58,2024-08-05 17:04:58
1346,27.49,642.724,935.3859,0.0,2024-08-05 17:05:05,2024-08-05 17:05:05
1347,29.165,641.74164,935.50195,0.0,2024-08-05 17:14:51,2024-08-05 17:14:51
1348,29.210001,642.17395,935.44806,0.0,2024-08-05 17:14:57,2024-08-05 17:14:57
1349,29.241999,641.714,935.5,0.0,2024-08-05 17:15:03,2024-08-05 17:15:03
1350,29.273998,641.982,935.47003,0.0,2024-08-05 17:15:10,2024-08-05 17:15:10
1351,29.301998,642.034,935.464,0.0,2024-08-05 17:15:16,2024-08-05 17:15:16
1352,29.334,641.91003,935.478,0.0,2024-08-05 17:15:22,2024-08-05 17:15:22
1353,29.355999,641.894,935.4801,0.0,2024-08-05 17:15:29,2024-08-05 17:15:29
1354,29.38,641.836,935.486,0.0,2024-08-05 17:15:35,2024-08-05 17:15:35
1355,29.4,641.62396,935.5101,0.0,2024-08-05 17:15:41,2024-08-05 17:15:41
1356,29.418,641.65796,935.50604,0.0,2024-08-05 17:15:47,2024-08-05 17:15:47
1357,29.442001,641.92395,935.47595,0.0,2024-08-05 17:15:54,2024-08-05 17:15:54
1358,29.458002,641.854,935.484,0.0,2024-08-05 17:16:01,2024-08-05 17:16:01
1359,29.475998,642.084,935.458,0.0,2024-08-05 17:16:06,2024-08-05 17:16:06
1360,29.491999,641.73004,935.49805,0.0,2024-08-05 17:16:13,2024-08-05 17:16:13
1361,29.508001,641.68,935.504,0.0,2024-08-05 17:16:19,2024-08-05 17:16:19
1362,29.523998,642.016,935.466,0.0,2024-08-05 17:16:25,2024-08-05 17:16:25
1363,29.534,641.73,935.49805,0.0,2024-08-05 17:16:32,2024-08-05 17:16:32
1364,29.538,641.448,935.52997,0.0,2024-08-05 17:16:38,2024-08-05 17:16:38
1365,29.570002,641.09,935.57,0.0,2024-08-05 17:16:44,2024-08-05 17:16:44
1366,29.576,641.344,935.542,0.0,2024-08-05 17:16:51,2024-08-05 17:16:51
1367,29.579998,641.66003,935.506,0.0,2024-08-05 17:16:57,2024-08-05 17:16:57
1368,29.578,641.73206,935.4979,0.0,2024-08-05 17:17:03,2024-08-05 17:17:03
1369,29.579998,641.64404,935.508,0.0,2024-08-05 17:17:10,2024-08-05 17:17:10
1370,29.567999,641.554,935.51794,0.0,2024-08-05 17:17:16,2024-08-05 17:17:16
1371,29.566,641.62604,935.50995,0.0,2024-08-05 17:17:23,2024-08-05 17:17:23
1372,29.576,641.11,935.568,0.0,2024-08-05 17:17:29,2024-08-05 17:17:29
1373,29.579998,641.66003,935.506,0.0,2024-08-05 17:17:35,2024-08-05 17:17:35
1374,29.592001,642.124,935.454,0.0,2024-08-05 17:17:41,2024-08-05 17:17:41
1375,29.612,641.55396,935.51794,0.0,2024-08-05 17:17:48,2024-08-05 17:17:48
1376,29.641998,641.218,935.556,0.0,2024-08-05 17:17:54,2024-08-05 17:17:54
1377,29.661999,641.41003,935.534,0.0,2024-08-05 17:18:01,2024-08-05 17:18:01
1378,29.692001,641.30194,935.5461,0.0,2024-08-05 17:18:07,2024-08-05 17:18:07
1379,29.716,641.64,935.508,0.0,2024-08-05 17:18:13,2024-08-05 17:18:13
1380,29.745998,641.214,935.556,0.0,2024-08-05 17:18:19,2024-08-05 17:18:19
1381,29.77,642.068,935.45996,0.0,2024-08-05 17:18:25,2024-08-05 17:18:25
1382,29.794,641.02,935.578,0.0,2024-08-05 17:18:32,2024-08-05 17:18:32
1383,29.814001,641.66,935.50604,0.0,2024-08-05 17:18:38,2024-08-05 17:18:38
1384,29.835999,641.856,935.484,0.0,2024-08-05 17:18:44,2024-08-05 17:18:44
1385,29.28,742.63165,924.204,0.0,2024-08-05 23:59:28,2024-08-05 23:59:28
1386,29.280003,742.59607,924.204,0.0,2024-08-05 23:59:32,2024-08-05 23:59:32
1387,25.508001,607.576,939.348,0.0,2024-08-06 08:32:08,2024-08-06 08:32:08
1388,25.522,611.65,938.888,0.0,2024-08-06 08:32:14,2024-08-06 08:32:14
1389,25.98,618.546,938.11,0.0,2024-08-06 08:32:20,2024-08-06 08:32:20
1390,26.7,618.118,938.158,0.0,2024-08-06 08:32:27,2024-08-06 08:32:27
1391,27.289999,618.598,938.104,0.0,2024-08-06 08:32:33,2024-08-06 08:32:33
1392,27.892002,617.978,938.174,0.0,2024-08-06 08:32:39,2024-08-06 08:32:39
1393,28.38,616.20593,938.374,0.0,2024-08-06 08:32:46,2024-08-06 08:32:46
1394,28.756,622.19006,937.7,0.0,2024-08-06 08:32:52,2024-08-06 08:32:52
1395,28.994,613.86395,938.63806,0.0,2024-08-06 08:32:58,2024-08-06 08:32:58
1396,29.290003,618.61597,938.10205,0.0,2024-08-06 08:33:05,2024-08-06 08:33:05
1397,29.566,618.528,938.112,0.0,2024-08-06 08:33:11,2024-08-06 08:33:11
1398,29.928,618.954,938.06396,0.0,2024-08-06 08:33:17,2024-08-06 08:33:17
1399,30.26,617.978,938.174,0.0,2024-08-06 08:33:24,2024-08-06 08:33:24
1400,30.586002,616.66595,938.32196,0.0,2024-08-06 08:33:30,2024-08-06 08:33:30
1401,27.951666,635.5843,936.20996,0.0,2024-08-06 12:44:28,2024-08-06 12:44:28
1402,27.951666,635.5843,936.20996,0.0,2024-08-06 12:44:28,2024-08-06 12:44:28
1403,26.58,636.0833,936.1333,0.0,2024-08-06 12:44:31,2024-08-06 12:44:31
1404,26.58,636.0833,936.1333,0.0,2024-08-06 12:44:31,2024-08-06 12:44:31
1405,26.513332,635.61334,936.1867,0.0,2024-08-06 12:44:35,2024-08-06 12:44:35
1406,26.513332,635.61334,936.1867,0.0,2024-08-06 12:44:35,2024-08-06 12:44:35
1407,26.473335,635.73004,936.17334,0.0,2024-08-06 12:44:39,2024-08-06 12:44:39
1408,26.473335,635.73004,936.17334,0.0,2024-08-06 12:44:39,2024-08-06 12:44:39
1409,24.237999,637.64404,935.966,0.0,2024-08-06 13:00:00,2024-08-06 13:00:00
1410,24.254,637.96796,935.92004,0.0,2024-08-06 13:00:06,2024-08-06 13:00:06
1411,24.290003,637.646,935.95,0.0,2024-08-06 13:00:12,2024-08-06 13:00:12
1412,24.354,638.268,935.87,0.0,2024-08-06 13:00:18,2024-08-06 13:00:18
1413,24.278002,638.58606,935.87,0.0,2024-08-06 13:00:25,2024-08-06 13:00:25
1414,24.286,638.356,935.8859,0.0,2024-08-06 13:00:31,2024-08-06 13:00:31
1415,24.392,638.374,935.8641,0.0,2024-08-06 13:00:37,2024-08-06 13:00:37
1416,24.618,638.568,935.838,0.0,2024-08-06 13:00:44,2024-08-06 13:00:44
1417,25.04,638.924,935.804,0.0,2024-08-06 13:00:50,2024-08-06 13:00:50
1418,25.646002,641.854,935.38007,1.22,2024-08-06 13:00:56,2024-08-06 13:00:56
1419,27.281998,644.11395,935.2279,1.47,2024-08-06 13:01:03,2024-08-06 13:01:03
1420,28.751999,645.03796,935.258,0.0,2024-08-06 13:01:09,2024-08-06 13:01:09
1421,29.844,639.938,935.62,0.37,2024-08-06 13:01:15,2024-08-06 13:01:15
1422,31.05,640.15,935.69794,0.39,2024-08-06 13:01:22,2024-08-06 13:01:22
1423,31.978,640.328,935.692,0.18,2024-08-06 13:01:28,2024-08-06 13:01:28
1424,32.754,639.812,935.7199,0.0,2024-08-06 13:01:34,2024-08-06 13:01:34
1425,33.398,639.776,935.666,0.08,2024-08-06 13:01:41,2024-08-06 13:01:41
1426,33.944,641.716,935.48596,0.64,2024-08-06 13:01:47,2024-08-06 13:01:47
1427,34.797997,642.22797,935.422,0.53,2024-08-06 13:01:53,2024-08-06 13:01:53
1428,35.691998,642.7101,935.35803,0.9,2024-08-06 13:02:00,2024-08-06 13:02:00
1429,36.711998,645.46204,935.04395,1.73,2024-08-06 13:02:06,2024-08-06 13:02:06
1430,37.934,646.76196,934.92206,1.63,2024-08-06 13:02:12,2024-08-06 13:02:12
1431,39.056,645.892,935.026,1.7,2024-08-06 13:02:18,2024-08-06 13:02:18
1432,40.092,646.14,934.996,1.67,2024-08-06 13:02:25,2024-08-06 13:02:25
1433,40.94,646.5839,934.95996,1.77,2024-08-06 13:02:31,2024-08-06 13:02:31
1434,41.72,646.568,934.946,1.7,2024-08-06 13:02:37,2024-08-06 13:02:37
1435,42.184,646.514,934.958,1.88,2024-08-06 13:02:44,2024-08-06 13:02:44
1436,42.834,646.17596,935.008,1.86,2024-08-06 13:02:50,2024-08-06 13:02:50
1437,43.68,646.64,934.93604,1.89,2024-08-06 13:02:56,2024-08-06 13:02:56
1438,44.289997,646.72797,934.91394,1.93,2024-08-06 13:03:03,2024-08-06 13:03:03
1439,44.552002,646.62,934.9779,2.05,2024-08-06 13:03:09,2024-08-06 13:03:09
1440,44.946,646.158,934.98206,1.88,2024-08-06 13:03:15,2024-08-06 13:03:15
1441,44.936,646.372,934.9959,1.99,2024-08-06 13:03:22,2024-08-06 13:03:22
1442,45.156,646.37195,934.97003,1.93,2024-08-06 13:03:28,2024-08-06 13:03:28
1443,45.401997,646.584,934.94403,2.02,2024-08-06 13:03:34,2024-08-06 13:03:34
1444,45.612,646.64,934.94006,1.93,2024-08-06 13:03:41,2024-08-06 13:03:41
1445,45.851997,646.95795,934.896,1.93,2024-08-06 13:03:47,2024-08-06 13:03:47
1446,45.696003,647.422,934.882,1.89,2024-08-06 13:03:53,2024-08-06 13:03:53
1447,45.434,645.534,934.91797,0.0,2024-08-06 13:03:59,2024-08-06 13:03:59
1448,44.975998,648.30994,934.91797,2.11,2024-08-06 13:04:06,2024-08-06 13:04:06
1449,44.658,645.162,935.13995,2.38,2024-08-06 13:04:12,2024-08-06 13:04:12
1450,44.158,644.93,935.13,2.28,2024-08-06 13:04:18,2024-08-06 13:04:18
1451,43.79,644.87805,935.15594,2.45,2024-08-06 13:04:25,2024-08-06 13:04:25
1452,43.336,644.716,935.16797,2.46,2024-08-06 13:04:31,2024-08-06 13:04:31
1453,43.189995,644.38,935.18604,2.71,2024-08-06 13:04:37,2024-08-06 13:04:37
1454,42.94,645.02203,935.088,2.71,2024-08-06 13:04:44,2024-08-06 13:04:44
1455,42.934,645.838,935.042,2.58,2024-08-06 13:04:50,2024-08-06 13:04:50
1456,43.104,645.2,935.174,2.45,2024-08-06 13:04:56,2024-08-06 13:04:56
1457,43.16,644.734,935.15594,2.57,2024-08-06 13:05:03,2024-08-06 13:05:03
1458,43.468002,644.326,935.188,2.49,2024-08-06 13:05:09,2024-08-06 13:05:09
1459,43.898003,644.808,935.13,2.47,2024-08-06 13:05:15,2024-08-06 13:05:15
1460,44.314,645.286,935.116,2.51,2024-08-06 13:05:22,2024-08-06 13:05:22
1461,44.28,645.5,935.04004,2.64,2024-08-06 13:05:28,2024-08-06 13:05:28
1462,44.12,646.21204,935.034,2.39,2024-08-06 13:05:34,2024-08-06 13:05:34
1463,44.154,645.232,935.084,2.44,2024-08-06 13:05:41,2024-08-06 13:05:41
1464,44.232,645.536,935.076,2.72,2024-08-06 13:05:47,2024-08-06 13:05:47
1465,44.222,645.784,935.026,2.65,2024-08-06 13:05:53,2024-08-06 13:05:53
1466,44.566,646.516,935.068,2.54,2024-08-06 13:06:00,2024-08-06 13:06:00
1467,25.444,644.646,935.17004,0.0,2024-08-06 14:01:13,2024-08-06 14:01:13
1468,25.494,645.02203,935.1279,0.0,2024-08-06 14:01:19,2024-08-06 14:01:19
1469,25.522,644.82404,935.15,0.0,2024-08-06 14:01:25,2024-08-06 14:01:25
1470,25.59,644.716,935.1619,0.0,2024-08-06 14:01:31,2024-08-06 14:01:31
1471,25.666,645.412,935.084,0.0,2024-08-06 14:01:38,2024-08-06 14:01:38
1472,25.736002,645.466,935.07794,0.0,2024-08-06 14:01:44,2024-08-06 14:01:44
1473,25.868,645.23206,935.104,0.0,2024-08-06 14:01:50,2024-08-06 14:01:50
1474,26.223999,645.39197,935.08606,0.0,2024-08-06 14:01:57,2024-08-06 14:01:57
1475,26.762,646.584,934.952,0.64,2024-08-06 14:02:03,2024-08-06 14:02:03
1476,27.826,651.102,934.44403,1.17,2024-08-06 14:02:09,2024-08-06 14:02:09
1477,29.284,650.196,934.546,1.02,2024-08-06 14:02:16,2024-08-06 14:02:16
1478,30.518,650.248,934.54004,1.16,2024-08-06 14:02:22,2024-08-06 14:02:22
1479,31.541998,650.87,934.47003,1.35,2024-08-06 14:02:28,2024-08-06 14:02:28
1480,32.530003,650.606,934.5,1.5,2024-08-06 14:02:35,2024-08-06 14:02:35
1481,33.496002,648.968,934.68396,0.7,2024-08-06 14:02:41,2024-08-06 14:02:41
1482,33.986,648.046,934.7881,0.57,2024-08-06 14:02:47,2024-08-06 14:02:47
1483,34.22,647.58203,934.84,0.82,2024-08-06 14:02:54,2024-08-06 14:02:54
1484,34.642,649.414,934.634,0.0,2024-08-06 14:03:00,2024-08-06 14:03:00
1485,35.228,652.298,934.30994,1.31,2024-08-06 14:03:06,2024-08-06 14:03:06
1486,35.878,653.416,934.18396,1.23,2024-08-06 14:03:13,2024-08-06 14:03:13
1487,36.365997,653.328,934.194,1.35,2024-08-06 14:03:19,2024-08-06 14:03:19
1488,36.782,653.042,934.22595,0.93,2024-08-06 14:03:25,2024-08-06 14:03:25
1489,37.198,652.422,934.296,0.6,2024-08-06 14:03:31,2024-08-06 14:03:31
1490,37.461998,651.672,934.38,1.54,2024-08-06 14:03:38,2024-08-06 14:03:38
1491,37.98,651.44006,934.40594,1.43,2024-08-06 14:03:44,2024-08-06 14:03:44
1492,38.296,651.904,934.354,1.38,2024-08-06 14:03:50,2024-08-06 14:03:50
1493,38.752003,651.692,934.3779,1.29,2024-08-06 14:03:57,2024-08-06 14:03:57
1494,39.1,651.122,934.442,1.37,2024-08-06 14:04:03,2024-08-06 14:04:03
1495,39.372,650.906,934.466,1.33,2024-08-06 14:04:09,2024-08-06 14:04:09
1496,39.603996,650.834,934.474,1.42,2024-08-06 14:04:16,2024-08-06 14:04:16
1497,39.947998,651.922,934.3519,1.35,2024-08-06 14:04:22,2024-08-06 14:04:22
1498,40.103996,651.088,934.446,1.42,2024-08-06 14:04:28,2024-08-06 14:04:28
1499,40.428,651.246,934.42804,1.39,2024-08-06 14:04:35,2024-08-06 14:04:35
1500,40.716,650.71204,934.488,1.4,2024-08-06 14:04:41,2024-08-06 14:04:41
1501,41.064,650.85406,934.472,1.53,2024-08-06 14:04:47,2024-08-06 14:04:47
1502,41.31,650.996,934.45605,1.5,2024-08-06 14:04:54,2024-08-06 14:04:54
1503,41.394,650.908,934.466,1.39,2024-08-06 14:05:00,2024-08-06 14:05:00
1504,41.359997,650.92395,934.464,1.53,2024-08-06 14:05:06,2024-08-06 14:05:06
1505,41.434002,651.5499,934.3939,1.47,2024-08-06 14:05:12,2024-08-06 14:05:12
1506,41.800003,650.692,934.49005,1.44,2024-08-06 14:05:19,2024-08-06 14:05:19
1507,42.059998,650.81604,934.47595,1.37,2024-08-06 14:05:25,2024-08-06 14:05:25
1508,42.09,650.888,934.46796,1.38,2024-08-06 14:05:32,2024-08-06 14:05:32
1509,42.152,650.81604,934.47595,1.55,2024-08-06 14:05:38,2024-08-06 14:05:38
1510,42.09,650.588,934.50195,1.37,2024-08-06 14:05:44,2024-08-06 14:05:44
1511,42.096,650.464,934.516,1.59,2024-08-06 14:05:50,2024-08-06 14:05:50
1512,26.764002,646.95795,934.91,0.0,2024-08-06 14:59:26,2024-08-06 14:59:26
1513,26.852001,646.904,934.916,0.0,2024-08-06 14:59:32,2024-08-06 14:59:32
1514,26.894001,647.17004,934.88605,0.0,2024-08-06 14:59:38,2024-08-06 14:59:38
1515,26.876001,647.296,934.87195,0.0,2024-08-06 14:59:44,2024-08-06 14:59:44
1516,26.957998,646.978,934.908,0.0,2024-08-06 14:59:51,2024-08-06 14:59:51
1517,27.109997,646.922,934.91394,0.0,2024-08-06 14:59:57,2024-08-06 14:59:57
1518,27.428,647.51,934.84796,0.0,2024-08-06 15:00:03,2024-08-06 15:00:03
1519,27.748001,647.82996,934.812,0.0,2024-08-06 15:00:10,2024-08-06 15:00:10
1520,28.296001,649.46594,934.62805,0.0,2024-08-06 15:00:16,2024-08-06 15:00:16
1521,28.994,649.0021,934.68,0.0,2024-08-06 15:00:22,2024-08-06 15:00:22
1522,29.526001,650.624,934.49805,0.0,2024-08-06 15:00:29,2024-08-06 15:00:29
1523,30.194,651.048,934.45,0.0,2024-08-06 15:00:35,2024-08-06 15:00:35
1524,30.939999,652.172,934.32404,0.0,2024-08-06 15:00:41,2024-08-06 15:00:41
1525,31.64,650.94403,934.46204,0.0,2024-08-06 15:00:47,2024-08-06 15:00:47
1526,34.066,651.778,934.368,0.51,2024-08-06 15:01:14,2024-08-06 15:01:14
1527,34.426,652.154,934.326,0.5,2024-08-06 15:01:20,2024-08-06 15:01:20
1528,34.833996,654.32196,934.08203,0.0,2024-08-06 15:01:26,2024-08-06 15:01:26
1529,35.128002,651.958,934.348,0.0,2024-08-06 15:01:33,2024-08-06 15:01:33
1530,35.392,651.212,934.432,0.0,2024-08-06 15:01:39,2024-08-06 15:01:39
1531,35.516,651.208,934.432,0.01,2024-08-06 15:01:45,2024-08-06 15:01:45
1532,35.728004,651.45996,934.404,0.0,2024-08-06 15:01:52,2024-08-06 15:01:52
1533,35.992,653.57605,934.166,0.0,2024-08-06 15:01:58,2024-08-06 15:01:58
1534,36.256,654.414,934.07196,0.0,2024-08-06 15:02:04,2024-08-06 15:02:04
1535,35.964,651.192,934.43396,0.0,2024-08-06 15:02:10,2024-08-06 15:02:10
1536,35.659996,653.43604,934.18195,0.0,2024-08-06 15:02:17,2024-08-06 15:02:17
1537,35.474,676.32404,931.612,0.0,2024-08-06 15:02:24,2024-08-06 15:02:24
1538,35.685997,664.672,932.92004,0.0,2024-08-06 15:02:29,2024-08-06 15:02:29
1539,35.986,650.552,934.506,0.0,2024-08-06 15:02:36,2024-08-06 15:02:36
1540,36.054,653.47003,934.17804,0.0,2024-08-06 15:02:42,2024-08-06 15:02:42
1541,36.204002,653.61194,934.162,0.1,2024-08-06 15:02:48,2024-08-06 15:02:48
1542,36.572,652.54395,934.28204,0.27,2024-08-06 15:02:55,2024-08-06 15:02:55
1543,36.938,652.42004,934.296,0.19,2024-08-06 15:03:01,2024-08-06 15:03:01
1544,37.22,652.92,934.24005,0.0,2024-08-06 15:03:07,2024-08-06 15:03:07
1545,37.336,652.632,934.272,0.06,2024-08-06 15:03:14,2024-08-06 15:03:14
1546,37.662,652.42004,934.296,0.14,2024-08-06 15:03:20,2024-08-06 15:03:20
1547,37.672005,654.928,934.014,0.44,2024-08-06 15:03:27,2024-08-06 15:03:27
1548,37.706,652.88,934.244,0.13,2024-08-06 15:03:33,2024-08-06 15:03:33
1549,37.829998,656.532,933.834,0.22,2024-08-06 15:03:39,2024-08-06 15:03:39
1550,37.854,658.276,933.638,0.2,2024-08-06 15:03:45,2024-08-06 15:03:45
1551,37.682,661.286,933.3,0.0,2024-08-06 15:03:52,2024-08-06 15:03:52
1552,37.575996,658.204,933.646,0.08,2024-08-06 15:03:58,2024-08-06 15:03:58
1553,37.526,658.30994,933.634,0.14,2024-08-06 15:04:04,2024-08-06 15:04:04
1554,37.426003,660.056,933.438,0.17,2024-08-06 15:04:10,2024-08-06 15:04:10
1555,37.606,654.182,934.098,0.1,2024-08-06 15:04:17,2024-08-06 15:04:17
1556,37.732,652.792,934.254,0.13,2024-08-06 15:04:23,2024-08-06 15:04:23
1557,37.724,652.776,934.25604,0.2,2024-08-06 15:04:29,2024-08-06 15:04:29
1558,37.656,652.988,934.23193,0.1,2024-08-06 15:04:36,2024-08-06 15:04:36
1559,37.635998,652.72205,934.262,0.13,2024-08-06 15:04:42,2024-08-06 15:04:42
1560,37.68,654.556,934.05597,0.09,2024-08-06 15:04:48,2024-08-06 15:04:48
1561,37.674,654.234,934.092,0.1,2024-08-06 15:04:55,2024-08-06 15:04:55
1562,38.06,653.79004,934.14197,0.13,2024-08-06 15:05:01,2024-08-06 15:05:01
1563,38.465996,653.328,934.19403,0.15,2024-08-06 15:05:07,2024-08-06 15:05:07
1564,38.753998,652.972,934.234,0.13,2024-08-06 15:05:14,2024-08-06 15:05:14
1565,26.104,646.588,934.95197,0.0,2024-08-06 16:02:03,2024-08-06 16:02:03
1566,26.196,646.834,934.924,0.0,2024-08-06 16:02:09,2024-08-06 16:02:09
1567,26.420002,647.154,934.888,0.0,2024-08-06 16:02:15,2024-08-06 16:02:15
1568,26.762,647.388,934.862,0.0,2024-08-06 16:02:22,2024-08-06 16:02:22
1569,27.097998,647.42004,934.85803,0.0,2024-08-06 16:02:28,2024-08-06 16:02:28
1570,27.526001,647.262,934.876,0.0,2024-08-06 16:02:34,2024-08-06 16:02:34
1571,27.896,647.20795,934.882,0.0,2024-08-06 16:02:41,2024-08-06 16:02:41
1572,28.213999,647.386,934.862,0.0,2024-08-06 16:02:47,2024-08-06 16:02:47
1573,28.45,647.438,934.8561,0.0,2024-08-06 16:02:53,2024-08-06 16:02:53
1574,28.635998,647.404,934.86005,0.0,2024-08-06 16:03:00,2024-08-06 16:03:00
1575,28.792002,647.544,934.84406,0.0,2024-08-06 16:03:06,2024-08-06 16:03:06
1576,28.954,647.154,934.888,0.0,2024-08-06 16:03:12,2024-08-06 16:03:12
1577,29.130001,647.08203,934.896,0.0,2024-08-06 16:03:19,2024-08-06 16:03:19
1578,29.306,647.778,934.81805,0.0,2024-08-06 16:03:25,2024-08-06 16:03:25
1579,29.484003,647.726,934.82404,0.0,2024-08-06 16:03:31,2024-08-06 16:03:31
1580,29.669998,648.15,934.776,0.0,2024-08-06 16:03:38,2024-08-06 16:03:38
1581,29.834003,648.15,934.776,0.0,2024-08-06 16:03:44,2024-08-06 16:03:44
1582,30.014002,648.026,934.79004,0.0,2024-08-06 16:03:50,2024-08-06 16:03:50
1583,30.185999,648.276,934.762,0.0,2024-08-06 16:03:57,2024-08-06 16:03:57
1584,30.375998,647.74005,934.82196,0.0,2024-08-06 16:04:03,2024-08-06 16:04:03
1585,30.536,648.114,934.77997,0.0,2024-08-06 16:04:09,2024-08-06 16:04:09
1586,30.594,648.292,934.75995,0.0,2024-08-06 16:04:15,2024-08-06 16:04:15
1587,30.570002,648.098,934.78204,0.0,2024-08-06 16:04:22,2024-08-06 16:04:22
1588,30.7,647.918,934.80206,0.0,2024-08-06 16:04:28,2024-08-06 16:04:28
1589,30.762,647.956,934.79803,0.0,2024-08-06 16:04:34,2024-08-06 16:04:34
1590,30.862,647.97205,934.796,0.0,2024-08-06 16:04:41,2024-08-06 16:04:41
1591,30.924,648.008,934.792,0.0,2024-08-06 16:04:47,2024-08-06 16:04:47
1592,30.978,647.404,934.86,0.0,2024-08-06 16:04:53,2024-08-06 16:04:53
1593,31.02,647.668,934.82996,0.0,2024-08-06 16:05:00,2024-08-06 16:05:00
1594,31.132,648.05994,934.78595,0.0,2024-08-06 16:05:06,2024-08-06 16:05:06
1595,26.894001,644.326,935.20605,0.0,2024-08-06 16:59:38,2024-08-06 16:59:38
1596,26.990002,643.918,935.25195,0.0,2024-08-06 16:59:44,2024-08-06 16:59:44
1597,27.046,643.82996,935.262,0.0,2024-08-06 16:59:50,2024-08-06 16:59:50
1598,27.080002,644.20197,935.2199,0.0,2024-08-06 16:59:56,2024-08-06 16:59:56
1599,27.069998,643.758,935.27,0.0,2024-08-06 17:00:02,2024-08-06 17:00:02
1600,27.036,644.27405,935.21204,0.0,2024-08-06 17:00:09,2024-08-06 17:00:09
1601,27.141998,644.11395,935.23,0.0,2024-08-06 17:00:15,2024-08-06 17:00:15
1602,27.212,644.398,935.19806,0.0,2024-08-06 17:00:21,2024-08-06 17:00:21
1603,27.3,644.11194,935.23,0.0,2024-08-06 17:00:28,2024-08-06 17:00:28
1604,27.289999,644.11194,935.23,0.0,2024-08-06 17:00:34,2024-08-06 17:00:34
1605,27.335999,644.326,935.20605,0.0,2024-08-06 17:00:40,2024-08-06 17:00:40
1606,27.383999,643.776,935.26794,0.0,2024-08-06 17:00:47,2024-08-06 17:00:47
1607,27.473999,644.328,935.20605,0.0,2024-08-06 17:00:53,2024-08-06 17:00:53
1608,27.497997,644.13196,935.2279,0.0,2024-08-06 17:00:59,2024-08-06 17:00:59
1609,27.530003,643.88196,935.25604,0.0,2024-08-06 17:01:06,2024-08-06 17:01:06
1610,27.551998,644.346,935.204,0.0,2024-08-06 17:01:12,2024-08-06 17:01:12
1611,27.504002,643.756,935.27,0.0,2024-08-06 17:01:18,2024-08-06 17:01:18
1612,27.439999,644.16797,935.224,0.0,2024-08-06 17:01:25,2024-08-06 17:01:25
1613,27.432001,644.15,935.22595,0.0,2024-08-06 17:01:31,2024-08-06 17:01:31
1614,27.446,644.006,935.242,0.0,2024-08-06 17:01:37,2024-08-06 17:01:37
1615,27.446,644.238,935.216,0.0,2024-08-06 17:01:44,2024-08-06 17:01:44
1616,27.498001,644.362,935.202,0.0,2024-08-06 17:01:50,2024-08-06 17:01:50
1617,27.498001,643.668,935.27997,0.0,2024-08-06 17:01:56,2024-08-06 17:01:56
1618,27.464,643.866,935.258,0.0,2024-08-06 17:02:02,2024-08-06 17:02:02
1619,27.424,644.082,935.234,0.0,2024-08-06 17:02:09,2024-08-06 17:02:09
1620,27.439999,644.43604,935.19403,0.0,2024-08-06 17:02:15,2024-08-06 17:02:15
1621,27.407999,643.974,935.246,0.0,2024-08-06 17:02:21,2024-08-06 17:02:21
1622,27.344,643.742,935.272,0.0,2024-08-06 17:02:28,2024-08-06 17:02:28
1623,27.324,643.474,935.30206,0.0,2024-08-06 17:02:34,2024-08-06 17:02:34
1624,27.286,643.972,935.246,0.0,2024-08-06 17:02:40,2024-08-06 17:02:40
1625,27.274002,644.04205,935.238,0.0,2024-08-06 17:02:47,2024-08-06 17:02:47
1626,27.245998,643.666,935.27997,0.0,2024-08-06 17:02:53,2024-08-06 17:02:53
1627,27.213999,643.93604,935.25,0.0,2024-08-06 17:02:59,2024-08-06 17:02:59
1628,27.223999,643.062,935.34796,0.0,2024-08-06 17:03:06,2024-08-06 17:03:06
1629,27.266,643.74005,935.272,0.0,2024-08-06 17:03:12,2024-08-06 17:03:12
1630,27.292002,643.82794,935.262,0.0,2024-08-06 17:03:18,2024-08-06 17:03:18
1631,27.312,644.13,935.228,0.0,2024-08-06 17:03:25,2024-08-06 17:03:25
1632,27.34,644.096,935.23206,0.0,2024-08-06 17:03:31,2024-08-06 17:03:31
1633,27.376001,643.456,935.304,0.0,2024-08-06 17:03:37,2024-08-06 17:03:37
1634,27.432001,643.724,935.27405,0.0,2024-08-06 17:03:44,2024-08-06 17:03:44
1635,27.424,643.404,935.30994,0.0,2024-08-06 17:03:50,2024-08-06 17:03:50
1636,27.376001,643.474,935.30194,0.0,2024-08-06 17:03:56,2024-08-06 17:03:56
1637,27.294,643.596,935.28796,0.0,2024-08-06 17:04:02,2024-08-06 17:04:02
1638,27.284,643.758,935.27,0.0,2024-08-06 17:04:09,2024-08-06 17:04:09
1639,27.358002,643.668,935.27997,0.0,2024-08-06 17:04:15,2024-08-06 17:04:15
1640,27.4,643.988,935.24396,0.0,2024-08-06 17:04:21,2024-08-06 17:04:21
1641,27.411999,643.812,935.264,0.0,2024-08-06 17:04:28,2024-08-06 17:04:28
1642,27.383999,643.776,935.26794,0.0,2024-08-06 17:04:34,2024-08-06 17:04:34
1643,27.335999,643.208,935.33203,0.0,2024-08-06 17:04:40,2024-08-06 17:04:40
1644,27.324,643.474,935.30206,0.0,2024-08-06 17:04:47,2024-08-06 17:04:47
1645,27.354,643.66797,935.27997,0.0,2024-08-06 17:04:53,2024-08-06 17:04:53
1646,27.35,643.812,935.264,0.0,2024-08-06 17:04:59,2024-08-06 17:04:59
1647,27.320002,643.544,935.29407,0.0,2024-08-06 17:05:06,2024-08-06 17:05:06
1648,28.206667,741.675,924.278,0.0,2024-08-08 18:59:10,2024-08-08 18:59:10
1649,28.280003,741.21796,924.35803,0.0,2024-08-08 18:59:16,2024-08-08 18:59:16
1650,28.328,741.308,924.348,0.0,2024-08-08 18:59:22,2024-08-08 18:59:22
1651,28.366001,741.63,924.312,0.0,2024-08-08 18:59:28,2024-08-08 18:59:28
1652,28.435999,741.36,924.342,0.0,2024-08-08 18:59:35,2024-08-08 18:59:35
1653,28.485998,741.448,924.33203,0.0,2024-08-08 18:59:41,2024-08-08 18:59:41
1654,29.033333,634.2683,936.34796,0.0,2024-08-09 13:08:32,2024-08-09 13:08:32
1655,30.062,634.87,936.27,0.0,2024-08-09 13:09:12,2024-08-09 13:09:12
1656,30.138,634.66,936.29407,0.0,2024-08-09 13:09:19,2024-08-09 13:09:19
1657,30.226002,634.856,936.272,0.0,2024-08-09 13:09:25,2024-08-09 13:09:25
1658,30.3,634.68,936.292,0.0,2024-08-09 13:09:31,2024-08-09 13:09:31
1659,30.355999,634.624,936.29803,0.0,2024-08-09 13:09:37,2024-08-09 13:09:37
1660,30.416,633.87805,936.382,0.0,2024-08-09 13:09:44,2024-08-09 13:09:44
1661,30.478,634.662,936.29407,0.0,2024-08-09 13:09:50,2024-08-09 13:09:50
1662,30.541998,634.216,936.34406,0.0,2024-08-09 13:09:57,2024-08-09 13:09:57
1663,30.626001,634.714,936.28796,0.0,2024-08-09 13:10:03,2024-08-09 13:10:03
1664,30.679998,634.71204,936.28796,0.0,2024-08-09 13:10:09,2024-08-09 13:10:09
1665,30.723999,634.55597,936.30597,0.0,2024-08-09 13:10:15,2024-08-09 13:10:15
1666,30.77,635.14197,936.24005,0.0,2024-08-09 13:10:22,2024-08-09 13:10:22
1667,30.816,635.06604,936.24805,0.0,2024-08-09 13:10:28,2024-08-09 13:10:28
1668,30.885998,634.37604,936.32605,0.0,2024-08-09 13:10:34,2024-08-09 13:10:34
1669,30.932001,634.52,936.31006,0.0,2024-08-09 13:10:41,2024-08-09 13:10:41
1670,30.975998,634.46796,936.31604,0.0,2024-08-09 13:10:47,2024-08-09 13:10:47
1671,31.02,634.98,936.258,0.0,2024-08-09 13:10:54,2024-08-09 13:10:54
1672,31.046001,634.644,936.296,0.0,2024-08-09 13:11:00,2024-08-09 13:11:00
1673,31.074,634.766,936.28204,0.0,2024-08-09 13:11:06,2024-08-09 13:11:06
1674,31.088001,635.104,936.244,0.0,2024-08-09 13:11:12,2024-08-09 13:11:12
1675,31.116001,635.22595,936.23,0.0,2024-08-09 13:11:18,2024-08-09 13:11:18
1676,31.122,635.794,936.166,0.0,2024-08-09 13:11:25,2024-08-09 13:11:25
1677,31.112,636.222,936.118,0.0,2024-08-09 13:11:31,2024-08-09 13:11:31
1678,31.114002,636.594,936.076,0.0,2024-08-09 13:11:37,2024-08-09 13:11:37
1679,31.424,645.484,935.076,3.09,2024-08-09 13:11:44,2024-08-09 13:11:44
1680,32.538002,646.176,934.99805,2.97,2024-08-09 13:11:50,2024-08-09 13:11:50
1681,33.684,645.64,935.058,2.97,2024-08-09 13:11:56,2024-08-09 13:11:56
1682,34.764,646.33606,934.98,3.17,2024-08-09 13:12:03,2024-08-09 13:12:03
1683,35.754,647.548,934.84393,2.71,2024-08-09 13:12:09,2024-08-09 13:12:09
1684,36.244,635.68805,936.1779,0.0,2024-08-09 13:12:15,2024-08-09 13:12:15
1685,36.098,636.134,936.1279,0.0,2024-08-09 13:12:22,2024-08-09 13:12:22
1686,35.894005,636.418,936.096,0.0,2024-08-09 13:12:28,2024-08-09 13:12:28
1687,35.584003,636.578,936.07794,0.0,2024-08-09 13:12:34,2024-08-09 13:12:34
1688,32.29,641.1481,935.56396,0.0,2024-08-09 14:00:16,2024-08-09 14:00:16
1689,32.306,641.46594,935.528,0.0,2024-08-09 14:00:22,2024-08-09 14:00:22
1690,32.336002,641.944,935.474,0.0,2024-08-09 14:00:28,2024-08-09 14:00:28
1691,32.542,645.412,935.084,1.97,2024-08-09 14:00:34,2024-08-09 14:00:34
1692,33.438,645.874,935.03204,1.68,2024-08-09 14:00:41,2024-08-09 14:00:41
1693,34.378,646.23,934.992,0.91,2024-08-09 14:00:47,2024-08-09 14:00:47
1694,35.204,645.128,935.116,0.0,2024-08-09 14:00:53,2024-08-09 14:00:53
1695,31.557999,647.936,934.8,0.0,2024-08-09 15:01:58,2024-08-09 15:01:58
1696,31.76,647.136,934.88995,0.0,2024-08-09 15:02:01,2024-08-09 15:02:01
1697,31.878,647.02997,934.902,0.0,2024-08-09 15:02:08,2024-08-09 15:02:08
1698,32.239998,667.786,932.57,1.42,2024-08-09 15:02:14,2024-08-09 15:02:14
1699,33.25,670.03204,932.318,1.4,2024-08-09 15:02:20,2024-08-09 15:02:20
1700,34.012,666.13196,932.75604,1.44,2024-08-09 15:02:27,2024-08-09 15:02:27
1701,34.692,664.39,932.95197,0.0,2024-08-09 15:02:33,2024-08-09 15:02:33
1702,35.064003,646.142,935.00195,0.0,2024-08-09 15:02:39,2024-08-09 15:02:39
